carid,manufacturer,name,group,CH,CM,CS,SH,SM,SS,RH,RM,RS,IM,W,D
2108,Dodge,SRT Tomahawk X VGT,X,1195.32,1244.24,1277.29,1295.66,1320.72,1343.01,1361.67,1370.96,1377.64,1343.02,1320.71,0
2110,Dodge,SRT Tomahawk GTS-R VGT,X,1030.85,1071.38,1097.37,1116.23,1138.46,1161.20,1175.57,1184.92,1193.49,1161.20,1138.48,0
2107,Chaparral,Chaparral 2X VGT,X,925.41,964.54,993.78,1011.72,1034.03,1055.15,1068.15,1077.97,1089.39,1056.99,1034.00,0
2077,Gran Turismo,Red Bull X2014 Standard,X,883.06,927.88,959.34,979.24,1005.38,1030.13,1041.09,1051.78,1061.83,1030.13,1005.18,0
2111,Dodge,SRT Tomahawk S VGT,X,855.23,897.85,926.33,945.24,967.70,989.06,1003.70,1012.82,1022.07,989.06,967.80,0
3417,Jaguar,Jaguar VGT SV,X,834.26,877.71,904.76,922.28,947.64,970.35,983.83,998.27,1007.60,970.34,947.65,0
3374,Gran Turismo,Red Bull X2019 Competition,X,791.49,840.28,873.28,894.38,918.47,941.22,957.26,966.62,976.85,941.22,918.47,0
3517,Gran Turismo,Red Bull X2019 25th Anniversary,X,791.49,840.28,873.28,894.38,918.47,941.22,957.26,966.62,976.85,941.22,918.47,0
2135,Hyundai,HYUNDAI N 2025 VGT,X,798.82,842.68,870.91,886.85,908.14,934.99,950.39,959.61,968.15,934.99,908.12,0
3510,Ferrari,Ferrari Vision Gran Turismo,X,768.49,815.47,847.22,866.81,892.01,914.53,927.48,938.23,949.06,914.52,892.03,0
2118,Mazda,LM55 VGT,X,775.12,818.46,849.21,868.44,891.21,914.01,926.97,937.56,947.79,914.00,891.26,0
3315,McLaren,McLaren VGT,X,757.03,805.89,837.58,858.07,884.46,908.34,919.98,930.44,941.99,908.34,884.45,0
3528,Super Formula (Dallara),SF23 Super Formula / Honda '23,X,767.33,811.68,842.99,862.28,885.80,907.35,923.20,932.83,942.74,907.35,885.79,0
3529,Super Formula (Dallara),SF23 Super Formula / Toyota '23,X,767.33,811.68,842.99,862.28,885.80,907.35,923.20,932.83,942.74,907.35,885.79,0
3372,Super Formula (Dallara),SF19 Super Formula / Honda '19,X,767.10,813.66,843.24,863.56,886.72,907.16,922.43,932.95,943.38,907.16,886.71,0
3371,Super Formula (Dallara),SF19 Super Formula / Toyota '19,X,767.10,813.66,843.24,863.56,886.72,907.16,922.43,932.95,943.38,907.16,886.71,0
2134,Bugatti,Bugatti VGT,X,746.96,796.49,828.25,851.00,880.31,902.82,911.85,921.53,926.49,902.82,880.30,0
3342,Gran Turismo,F1500T-A,X,732.46,791.10,825.65,849.32,876.36,901.53,913.82,925.54,934.82,901.53,876.35,0
3532,Aston Martin,Valkyrie '21,N,721.45,771.94,805.98,826.78,850.36,872.45,886.66,896.33,905.67,873.85,850.35,0
3475,McLaren,MP4/4 '88,X,718.52,767.43,803.30,823.02,845.67,872.01,882.57,893.43,904.66,872.01,845.72,0
3351,Audi,Audi e-tron VGT,X,706.19,748.00,776.96,796.03,819.70,847.99,855.78,862.79,872.95,848.70,819.71,0
3511,Volkswagen,ID.R '19,X,701.80,746.29,776.92,795.19,819.06,841.97,854.20,864.46,874.58,841.95,819.05,0
1069,Chaparral,2J '70,X,687.61,737.54,769.22,790.27,815.36,836.82,852.18,861.80,870.97,836.81,815.35,0
2123,Lexus,LF-LC GT VGT,X,679.97,731.24,762.13,779.35,806.64,828.85,840.36,850.50,860.61,828.82,806.63,0
3542,Skoda,SKODA Vision Gran Turismo,X,682.60,727.16,757.22,776.46,801.60,823.20,838.33,848.45,854.62,823.21,801.59,0
3543,Genesis,Genesis X Gran Berlinetta VGT Concept,X,645.69,692.78,727.50,754.18,783.03,806.43,815.27,827.83,839.30,806.60,783.02,0
3414,Lamborghini,Lambo V12 VGT,X,655.44,697.46,728.05,757.15,780.11,801.76,813.20,823.44,832.46,801.67,780.03,0
3452,Porsche,917 LIVING LEGEND,X,636.59,686.92,718.19,749.36,773.85,795.89,801.44,811.78,821.88,795.89,773.84,0
808,Suzuki,V6 Escudo Pikes Peak Special spec.98,X,634.57,677.86,705.34,740.00,762.12,784.30,789.24,800.94,826.19,784.29,762.10,736.23
2119,Italdesign,Italdesign VGT Street Mode,X,629.69,678.05,710.46,731.77,757.55,780.38,792.41,804.44,813.93,780.38,756.48,0
3360,McLaren,McLaren P1 GTR '16,N,625.42,678.81,712.30,732.51,756.36,778.53,791.21,802.08,812.64,778.56,756.35,0
2120,Italdesign,Italdesign VGT Off-road Mode,X,631.12,678.82,711.34,730.03,754.46,777.22,788.88,800.24,811.43,777.22,754.46,705.86
3478,Porsche,Porsche VGT,X,634.26,678.74,709.09,728.88,752.77,774.48,789.57,799.34,810.06,774.48,752.76,0
2113,Peugeot,PEUGEOT VGT,X,627.77,673.55,705.98,726.67,752.23,773.54,770.72,782.15,793.43,773.54,752.23,0
3507,Porsche,Porsche VGT Spyder,X,632.88,673.20,704.09,724.83,748.06,770.18,783.72,795.52,805.55,770.17,748.02,0
3479,Jaguar,Jaguar VGT Roadster,X,619.45,667.05,699.11,719.26,746.90,769.42,783.47,794.02,803.81,769.43,746.90,0
3396,Jaguar,Jaguar VGT Coupe,X,633.08,676.63,706.91,726.61,750.40,768.65,782.57,792.75,803.45,768.84,750.39,0
3433,Ferrari,FXX K '14,N,601.21,663.92,697.74,715.49,739.62,763.72,778.94,790.38,800.56,763.75,740.25,0
1536,Pagani,Zonda R '09,X,600.97,649.55,680.96,702.33,730.83,754.66,767.27,778.31,788.74,754.67,730.80,0
2106,Toyota,FT-1 VGT,X,593.88,647.88,680.20,699.46,725.97,747.65,762.96,773.18,784.88,747.65,725.97,0
3309,Aston Martin,Vulcan '16,N,576.49,639.82,673.14,696.57,722.23,746.80,760.78,771.76,782.07,746.80,722.31,0
2162,Ferrari,LaFerrari '13,N,591.97,648.31,678.51,698.31,721.95,742.40,757.75,767.86,777.36,742.40,721.95,0
3473,Bugatti,Chiron '16,N,612.76,657.39,678.95,695.33,723.71,738.41,749.20,758.40,767.92,738.41,723.70,0
2050,Pagani,Huayra '13,N,579.86,627.30,659.19,678.45,694.15,724.05,735.00,744.61,753.82,724.05,694.78,0
2099,Subaru,VIZIV GT VGT,X,579.08,626.16,656.21,676.03,700.54,723.75,734.51,745.35,756.99,723.75,700.54,660.06
2116,Alpine,Alpine VGT Race,X,577.05,625.23,653.15,673.80,698.96,722.27,736.36,747.56,758.14,722.26,698.96,0
3410,Porsche,917K '70,X,564.13,619.44,651.72,671.90,697.09,721.25,733.30,744.36,755.30,721.25,697.08,0
3216,Renault,R.S.01 '16,X,583.88,627.43,657.67,675.04,697.68,719.02,734.60,745.57,755.44,719.02,697.66,0
2076,AMG,Mercedes-Benz AMG VGT Racing Series,X,574.84,618.74,650.44,669.81,693.16,718.93,725.01,742.45,752.45,718.93,693.12,0
2142,Nissan,NISSAN CONCEPT 2020 VGT,X,579.35,624.28,653.09,667.98,696.83,718.62,727.22,735.35,744.46,718.62,697.06,0
2147,Lamborghini,Veneno '14,N,581.84,625.95,656.30,673.53,695.96,717.35,727.91,738.05,747.63,717.35,695.96,0
3469,Ferrari,F8 Tributo '19,N,565.80,612.86,644.12,664.52,686.70,710.80,719.83,730.75,740.37,710.80,686.65,0
3459,Porsche,918 Spyder '13,N,567.96,614.24,645.44,655.57,688.29,709.71,718.53,728.67,739.26,706.04,688.30,653.31
2078,Gran Turismo,Red Bull X2014 Junior,X,557.77,602.18,631.73,652.57,678.54,702.26,713.20,723.12,734.95,702.27,678.36,0
2087,BMW,BMW VGT,X,552.03,598.76,631.12,651.41,677.10,700.83,712.07,723.24,733.94,700.83,677.09,0
2112,Alpine,Alpine VGT,X,544.61,589.50,621.47,653.26,677.36,700.23,710.05,720.53,730.22,700.23,677.36,0
1433,Amuse,Amuse S2000 GT1 Turbo,N,551.00,600.46,632.59,651.62,676.46,700.16,713.92,724.45,734.78,700.16,676.46,0
3522,Greening Auto Company,Maverick,N,486.44,569.66,624.19,640.24,666.79,699.58,709.20,716.93,725.00,699.56,666.79,639.36
2049,Bugatti,Veyron 16.4 '13,N,563.47,609.75,639.38,652.01,675.63,697.52,707.98,717.25,726.29,697.52,675.62,0
2103,Aston Martin,DP-100 VGT,X,554.09,596.93,627.02,644.89,669.87,692.85,705.62,716.99,727.72,692.85,670.00,0
1474,Ferrari,Enzo Ferrari '02,N,549.35,595.58,626.78,648.21,669.94,692.48,707.79,717.20,725.95,692.48,669.91,0
2124,Volkswagen,GTI Supersport VGT,X,546.66,591.23,620.79,639.35,666.86,690.31,702.67,713.35,723.72,690.31,666.84,0
3485,AMG,Mercedes-AMG GT Black Series '20,N,553.97,597.20,628.15,646.48,668.81,690.25,697.97,707.81,717.21,690.25,668.79,0
1551,Ferrari,330 P4 '67,X,540.58,590.16,621.02,640.15,666.21,689.68,698.71,708.78,718.27,689.68,666.20,0
2121,Honda,Honda Sports VGT,X,546.18,587.06,616.39,637.26,663.32,689.05,691.81,701.79,712.45,689.05,663.32,0
2122,Zagato,IsoRivolta Zagato VGT,X,529.95,578.50,622.34,641.23,666.20,688.99,702.75,713.07,723.83,688.99,666.20,0
2098,Volkswagen,GTI Roadster VGT,X,541.54,588.74,619.17,634.14,658.97,685.91,693.25,704.68,715.27,685.91,658.95,0
3392,Lamborghini,Aventador LP 750-4 SV '15,N,544.69,589.28,620.00,637.10,662.35,684.69,697.15,707.38,716.95,684.69,662.35,0
3426,Roadster Shop,Roadster Shop Rampage,N,530.57,587.61,622.36,638.89,660.95,684.34,697.05,706.45,716.18,684.34,661.17,626.85
3398,RUF,CTR3 '07,N,544.35,592.47,620.21,640.38,663.27,683.98,693.46,702.80,712.50,683.97,663.27,0
2055,AMG,Mercedes-Benz AMG VGT,X,543.65,594.50,622.19,640.43,663.10,683.63,696.42,707.27,717.40,683.62,662.21,0
3267,Ferrari,F12berlinetta '12,N,543.36,591.41,623.63,638.45,661.44,682.18,692.90,702.11,710.87,682.17,661.42,0
3346,Eckert's Rod & Custom,Mach Forty,N,533.11,586.21,617.58,638.46,657.52,680.35,693.80,703.11,711.96,680.35,657.54,630.01
1540,McLaren,McLaren F1 '94,N,539.32,587.00,619.43,637.79,660.63,679.68,689.51,700.23,710.26,679.67,660.61,0
3400,Porsche,911 GT1 Strassenversion '97,N,537.52,583.51,613.11,632.23,656.49,677.85,688.18,697.10,706.20,677.85,656.48,0
3449,Chevrolet,Corvette C7 ZR1 '19,N,529.30,576.68,614.33,631.82,655.47,677.05,687.46,697.15,706.25,677.05,655.55,625.32
2117,Infiniti,INFINITI CONCEPT VGT,X,532.68,578.07,609.65,629.10,653.65,676.48,690.11,701.13,711.47,676.48,653.65,611.95
3486,Dodge,Challenger SRT Demon '18,N,515.91,573.59,605.18,625.06,650.54,674.19,684.32,694.09,703.36,674.16,650.54,609.97
2174,McLaren,650S '14,N,536.20,580.76,607.14,630.63,652.21,673.89,684.22,693.59,703.07,673.90,652.21,0
1898,Aston Martin,One-77 '11,N,534.98,582.38,613.59,635.89,654.41,673.82,687.43,696.20,704.43,673.82,654.43,0
3541,BVLGARI,BVLGARI Aluminium VGT,X,533.19,575.26,610.60,629.06,650.77,673.18,683.32,693.62,704.08,673.18,650.75,0
3402,Ford,Ford GT '17,N,540.43,572.56,612.94,629.50,651.30,672.35,678.37,688.65,698.24,672.35,651.29,0
3297,Subaru,WRX STI Isle of Man '16,X,533.65,576.05,605.48,623.35,647.52,671.19,678.57,688.41,698.40,671.19,647.51,614.02
2171,Lamborghini,Huracan LP 610-4 '15,N,538.23,581.43,610.55,630.29,647.80,670.23,680.99,690.52,699.46,670.23,647.74,0
3412,Audi,R8 Coupé V10 plus '16,N,539.59,583.03,612.63,629.09,650.19,669.16,673.83,682.87,692.39,669.16,650.20,0
1770,Lamborghini,Aventador LP 700-4 '11,N,530.93,573.39,603.98,621.65,645.87,667.36,678.95,688.40,697.34,667.36,645.86,0
1565,Ford,Mark IV Race Car '67,X,522.36,572.44,601.98,621.51,644.69,667.19,674.56,684.96,694.67,667.19,644.68,0
3495,Mazda,RX-VISION '15,N,529.37,574.55,604.06,624.62,646.33,665.76,674.51,683.70,692.49,665.76,645.85,0
3533,Maserati,MC20 '20,N,524.83,568.82,600.43,618.99,643.30,665.03,673.08,682.63,691.31,665.03,643.28,0
3539,Porsche,911 GT3 RS (992) '22,N,543.96,584.54,611.56,628.75,646.87,664.95,681.65,691.44,700.87,664.95,646.87,624.94
3409,BAC,Mono '16,N,513.63,566.27,597.37,619.34,642.65,664.23,675.82,685.73,696.10,664.23,642.56,0
1553,Jaguar,XJ13 '66,X,517.40,565.31,598.12,617.94,639.81,663.65,675.14,684.92,694.66,663.47,639.81,0
2095,Mitsubishi,Concept XR-PHEV EVOLUTION VGT,X,532.35,565.50,596.50,612.44,640.01,663.52,682.83,694.08,704.28,663.53,640.00,604.54
3268,Porsche,911 GT3 RS (991) '16,N,522.62,567.55,597.78,617.12,641.49,663.45,671.37,680.98,690.42,663.45,641.49,605.25
1722,McLaren,MP4-12C '10,N,522.76,568.77,596.60,618.72,641.22,662.81,672.16,682.29,692.02,662.82,641.17,0
3338,Chris Holstrom Concepts,CHC 1967 Chevy Nova,N,477.33,546.76,591.07,614.96,637.74,661.43,670.16,679.41,688.29,661.43,637.87,601.28
3393,Porsche,Carrera GT '04,N,525.49,567.87,595.51,615.01,638.51,659.96,673.64,683.78,695.98,659.96,638.51,0
3332,Peugeot,L500R HYbrid VGT 2017,X,512.74,559.80,591.45,610.95,636.01,658.89,671.91,681.68,693.31,658.89,635.95,0
3387,Chevrolet,Camaro ZL1 1LE Package '18,N,510.73,558.26,589.75,609.22,633.93,656.70,667.75,677.06,686.23,656.70,633.93,597.62
1504,Ferrari,458 Italia '09,N,523.40,566.42,596.63,615.97,638.69,655.85,665.29,674.48,683.52,655.84,638.68,0
3362,Ferrari,F50 '95,N,521.01,564.02,593.75,611.75,634.79,655.10,665.96,676.09,686.12,655.10,635.14,0
3476,Suzuki,Suzuki Vision Gran Turismo,X,512.56,556.01,586.13,605.80,629.30,651.15,664.41,675.32,685.41,651.15,629.26,593.33
3339,Subaru,BRZ Drift Car '17,X,493.98,547.15,579.30,601.63,627.73,650.17,664.07,674.35,684.25,650.17,627.69,0
1409,Ferrari,F40 '92,N,515.54,559.50,588.11,607.91,631.31,650.11,659.33,668.59,674.93,650.11,631.67,0
1480,Chevrolet,Corvette ZR1 (C6) '09,N,513.29,562.10,594.38,612.03,632.19,649.81,662.56,671.53,680.60,649.81,632.37,605.32
1545,Lamborghini,Murcielago LP 640 '09,N,513.30,555.64,586.59,603.45,627.05,649.29,658.76,668.01,677.00,648.74,627.05,0
3416,AMG,Mercedes-AMG GT R '17,N,509.43,554.86,585.08,605.95,629.46,648.64,659.16,668.18,676.43,648.65,629.46,0
3390,Porsche,Taycan Turbo S '19,X,513.65,559.04,586.68,604.46,627.85,647.93,654.12,663.05,672.26,647.91,627.87,0
3345,Nissan,GT-R NISMO '17,N,517.34,560.18,590.05,609.11,628.33,645.88,651.31,661.57,668.65,645.90,627.87,602.35
1528,Mercedes-Benz,SLR McLaren '09,N,509.11,551.30,580.08,598.27,622.07,645.18,655.41,665.01,673.87,645.18,622.07,0
1956,Dodge,Viper GTS '13,N,506.05,554.74,585.57,603.41,624.57,643.82,651.96,660.69,669.62,643.82,624.51,592.89
1990,Lamborghini,Diablo GT '00,N,504.32,547.60,578.00,597.81,621.22,643.12,650.80,657.30,666.34,643.12,620.92,0
315,Shelby,Cobra 427 '66,N,499.38,547.56,580.39,599.73,622.82,642.81,650.58,657.89,665.98,642.81,622.59,585.40
1378,Ferrari,F430 '06,N,502.66,547.17,579.48,599.37,619.20,642.69,649.49,658.64,666.82,642.68,619.21,0
1426,Ford,Ford GT '06,N,506.77,550.81,580.07,599.22,623.51,642.45,649.73,658.94,668.12,642.45,623.62,0
2080,Toyota,FT-1,X,499.85,539.08,571.20,600.79,623.20,642.28,645.57,654.76,663.62,642.28,623.19,0
1581,Citroen,GT by Citroen Road Car,N,501.42,546.99,576.78,595.05,621.77,642.09,652.62,663.56,674.46,642.09,621.72,589.80
3457,Alpine,A220 Race Car '68,X,501.24,547.77,578.79,597.91,621.64,641.21,652.88,662.45,671.17,641.21,621.48,0
543,Jaguar,XJ220 '92,N,507.52,549.58,578.72,596.49,619.19,640.63,646.25,656.72,666.81,640.62,619.37,592.94
1562,Lexus,LFA '10,N,506.90,549.05,582.32,594.94,617.06,638.04,648.08,656.16,665.42,638.04,617.06,0
2109,MINI,MINI Clubman VGT,X,501.51,544.74,569.19,589.21,614.68,637.74,646.79,656.37,666.11,637.74,614.61,586.60
3411,Alfa Romeo,Giulia GTAm '20,N,500.65,547.04,578.10,591.38,616.54,636.55,646.65,655.47,664.61,636.55,616.52,585.11
1907,KTM,X-BOW R '12,N,502.59,543.25,571.02,590.54,614.45,635.31,646.73,655.51,662.35,635.31,614.44,586.23
2149,AMG,Mercedes-AMG GT S '15,N,498.89,540.40,565.71,582.09,607.23,633.64,640.16,642.06,656.10,633.64,607.21,0
2152,Dodge,Charger SRT Hellcat '15,N,490.35,540.85,574.30,593.07,615.72,633.43,639.74,647.74,656.90,633.40,615.65,581.26
3210,AMG,Mercedes-AMG GT Safety Car,X,497.69,540.37,569.88,589.60,613.16,632.75,645.18,654.14,662.94,632.75,613.14,0
3225,Nissan,GT-R Safety Car,X,504.39,547.57,575.44,592.80,612.35,631.54,635.83,645.01,653.79,631.53,612.40,0
2167,Nissan,GT-R '17,N,504.53,548.15,577.52,594.28,613.75,630.32,635.50,644.00,651.00,630.00,612.78,585.86
3343,Aston Martin,DB11 '16,N,498.51,542.79,570.49,589.33,611.31,630.29,635.46,643.97,653.04,630.29,611.30,0
3406,Dodge,Charger SRT Hellcat Safety Car,X,487.68,542.50,574.66,592.07,611.95,630.00,637.18,646.68,655.89,629.98,611.95,0
1507,AMG,SLS AMG '10,N,500.85,546.10,577.55,590.20,612.52,628.48,642.00,650.42,659.09,628.48,612.51,0
3518,Chevrolet,Corvette C8 Stingray '20,N,493.78,537.54,564.75,584.48,608.70,628.14,638.98,649.12,657.79,628.14,608.70,577.66
3526,Garage RCR,Civic,X,481.96,528.09,558.11,577.98,601.89,625.58,636.53,646.58,656.01,625.44,601.89,570.63
1582,Lamborghini,Miura P400 Bertone Prototype '67,N,486.98,531.61,561.46,580.53,603.49,623.99,633.88,643.25,652.39,623.98,603.50,0
2146,Jaguar,F-type R '14,N,491.86,536.17,563.22,581.26,602.68,619.41,624.44,632.29,640.83,619.40,602.68,0
3296,Chevrolet,Corvette C7 Gr.3 Road Car,N,471.99,518.10,549.76,569.07,593.95,619.16,628.76,639.38,649.39,619.17,593.60,560.58
1402,Dodge,Viper SRT10 Coupe '06,N,484.20,529.12,562.00,577.93,601.40,618.52,625.82,634.09,642.54,618.53,601.63,569.19
3488,Porsche,Cayman GT4 '16,N,482.45,524.57,554.90,573.29,596.79,617.69,625.25,633.94,642.41,617.62,596.79,0
2156,Honda,2&4 powered by RC213V,X,463.44,513.41,546.30,568.89,594.57,617.56,627.07,636.43,646.59,617.57,594.55,0
3219,Honda,NSX '17,N,482.47,524.05,554.68,573.39,596.49,616.61,628.65,637.71,646.18,616.61,596.47,566.95
3519,Porsche,959 '87,N,478.20,519.63,549.50,567.77,591.69,616.30,625.67,632.70,647.45,616.29,591.57,561.10
3299,Alfa Romeo,4C Gr.3 Road Car,N,476.70,523.60,553.69,572.90,594.58,616.21,625.38,636.18,645.97,616.22,594.58,565.13
1916,Chevrolet,Corvette C7 '14,N,479.29,523.39,554.10,575.26,597.59,615.39,623.20,631.81,640.25,615.39,597.37,565.13
3306,Mazda,Atenza Gr.3 Road Car,N,473.08,517.81,550.16,567.63,593.37,615.34,626.70,637.21,648.12,615.34,593.35,557.64
3525,Honda,RA272 '65,X,476.61,520.45,549.96,570.00,593.89,615.34,626.57,636.49,647.33,615.34,593.80,0
1935,Ford,GT40 Mark I '66,N,485.64,527.10,556.20,571.89,593.71,615.20,621.21,630.38,636.82,615.20,593.67,0
3458,AMG,Mercedes-AMG C 63 S '15,N,479.31,524.59,553.59,573.16,595.54,614.86,626.79,636.24,644.88,614.86,595.54,567.03
3300,Ford,Mustang Gr.3 Road Car,N,472.18,517.61,548.28,567.87,592.30,614.65,625.54,635.86,646.89,614.54,592.42,555.47
1484,Lamborghini,Countach LP400 '74,N,479.51,522.77,552.11,571.22,593.89,613.91,624.85,633.47,642.14,613.91,593.89,0
187,TVR,Tuscan Speed 6 '00,N,478.61,521.30,553.10,571.67,592.89,613.86,623.85,635.06,643.18,613.86,592.99,562.28
3359,Porsche,911 GT3 (997) '09,N,488.56,529.09,558.10,577.81,600.55,613.52,624.87,632.89,641.29,613.52,600.51,570.84
2017,Ferrari,GTO '84,N,480.47,523.82,554.49,572.60,593.63,613.20,626.15,635.00,643.57,613.16,593.87,564.36
1431,RE Amemiya,RE Amemiya FD3S RX-7,N,470.98,518.65,546.14,566.15,590.59,612.73,623.07,632.34,641.24,612.70,590.55,0
3301,Mitsubishi,Lancer Evolution Final Gr.B Road Car,N,474.61,516.90,545.30,565.07,589.69,611.50,612.96,623.99,633.81,611.49,590.18,559.22
3391,Ford,Shelby GT350R '16,N,479.82,522.87,552.44,570.33,591.79,611.34,622.41,631.54,640.61,611.34,591.96,559.16
3540,Tesla,Model 3 Performance '23,X,487.08,529.18,557.67,576.38,597.39,610.95,623.77,632.82,634.27,610.96,597.38,0
1926,Shelby,Cobra Daytona Coupe '64,X,474.44,521.01,549.20,567.86,589.29,608.57,617.97,624.03,634.95,608.57,589.28,0
2178,Toyota,S-FR Racing Concept '16,N,467.13,511.03,541.75,560.56,584.58,608.31,617.34,625.98,634.37,608.31,584.60,0
3209,BMW,M4 Safety Car,X,469.82,512.77,542.89,562.89,586.33,606.28,615.07,624.45,633.81,606.28,586.32,0
2074,BMW,M4 '14,N,469.75,514.66,542.09,562.39,584.76,606.05,616.25,625.07,631.38,606.05,584.76,0
1549,Amuse,Amuse NISMO 380RS Super Leggera,N,462.65,506.65,543.90,558.84,582.60,604.62,616.66,626.09,635.32,604.63,582.62,0
1373,Dodge,Viper GTS '02,N,467.80,512.28,540.88,562.51,585.92,603.07,612.65,621.41,629.90,603.07,585.64,552.46
1365,Audi,R8 4.2 '07,N,475.99,516.77,547.21,557.67,584.53,603.04,604.74,613.76,622.56,603.04,584.47,0
3548,Lamborghini,Urus '18,N,478.24,517.09,546.44,559.77,581.91,602.85,602.24,614.29,621.87,602.66,581.74,550.55
1481,Lamborghini,Countach 25th Anniversary '88,N,464.92,508.91,540.08,558.65,582.52,602.61,603.85,618.41,620.72,602.61,582.70,0
3304,Subaru,WRX Gr.B Road Car,N,475.16,516.54,546.25,557.44,580.06,601.45,606.58,617.62,628.48,601.42,579.57,556.30
3303,Peugeot,RCZ Gr.3 Road Car,N,467.70,515.96,541.83,559.29,582.68,599.09,612.79,622.05,632.04,599.09,582.65,556.07
3217,Chevrolet,Camaro SS '16,N,463.62,508.73,542.20,561.86,581.18,598.42,606.79,615.03,624.09,598.42,581.15,549.37
2018,Ferrari,365 GTB4 '71,N,462.70,506.43,535.94,554.21,575.05,596.59,607.11,615.38,623.63,596.59,575.05,0
2139,Lexus,RC F '14,N,463.22,507.61,539.37,557.68,577.92,596.29,600.86,609.42,618.00,596.26,577.92,0
3358,Porsche,911 GT3 (996) '01,N,462.88,504.18,533.85,550.83,574.26,596.10,602.12,605.12,615.24,596.10,574.26,545.01
2175,Aston Martin,V8 Vantage S '15,N,460.56,504.29,532.20,553.26,577.97,595.59,605.39,614.19,621.64,593.05,577.81,0
1578,Alfa Romeo,8C Competizione '08,N,466.04,507.80,537.94,558.14,581.72,595.58,606.72,615.73,624.27,595.19,581.67,548.91
2010,Ferrari,250 GTO '62,X,468.94,513.84,541.21,552.83,577.41,593.35,600.61,609.08,617.92,593.35,577.40,0
3418,Toyota,GR Supra RZ '20,N,458.05,501.32,530.28,549.57,571.30,592.13,603.64,612.22,621.10,592.13,571.31,539.83
3504,Nissan,Z Performance '23,N,457.70,503.57,533.40,550.70,570.86,590.42,600.26,609.48,617.98,590.41,570.86,538.54
3227,Lexus,LC500 '17,N,459.23,503.96,535.29,552.26,573.82,590.18,596.70,603.70,611.75,590.15,573.82,0
3364,Greddy,Greddy Fugu Z,N,447.08,492.65,524.73,544.07,569.68,589.89,599.50,608.50,617.50,589.89,569.58,0
1410,Ferrari,512 BB '76,N,456.24,498.65,527.01,546.55,570.46,589.44,600.02,608.97,613.29,589.44,570.25,0
3483,BMW,M2 Competition '18,N,455.14,497.05,526.50,548.81,568.29,589.06,596.64,605.83,614.88,589.06,568.29,0
3520,NISMO,400R '95,N,453.33,495.53,525.26,542.50,565.75,588.44,593.15,604.41,613.64,588.40,565.78,534.05
3369,Radical,SR3 SL '13,N,454.33,495.56,525.56,545.72,567.35,587.04,595.55,604.42,612.58,587.03,567.23,0
3434,Ferrari,Testarossa '91,N,452.92,493.80,523.32,542.75,566.24,586.24,590.38,598.86,607.05,586.25,561.25,0
1399,BMW,M3 '07,N,455.21,498.15,527.78,546.59,566.20,585.59,595.63,604.79,610.91,585.59,566.26,0
2138,Ford,Mustang GT '15,N,451.43,498.40,526.72,544.54,566.12,585.45,593.08,602.24,611.30,585.45,566.24,534.43
3437,De Tomaso,Mangusta '69,N,446.88,488.43,517.65,536.54,559.54,584.48,593.90,608.75,618.37,584.48,559.73,528.23
3505,De Tomaso,Mangusta (Christian Dior),N,446.88,488.43,517.65,536.54,559.54,584.48,593.90,608.75,618.37,584.48,559.73,528.23
1689,Honda,Civic Type R (EK) Touring Car,N,447.93,490.76,520.96,541.15,562.35,582.49,594.83,602.35,613.80,582.49,562.34,0
3367,Toyota,GR Supra RZ '19,N,449.39,492.69,521.70,540.90,563.03,582.16,593.97,603.12,611.48,582.16,563.05,531.15
1539,Maserati,GranTurismo S '08,N,451.80,494.81,523.04,543.47,562.50,581.51,587.37,595.82,603.72,581.53,562.52,0
3546,AFEELA,AFEELA Prototype 2024,X,452.72,494.15,525.09,540.32,563.30,581.14,587.98,596.61,604.72,581.12,563.29,0
3376,Jaguar,D-type '54,X,445.99,491.05,520.56,539.61,561.09,579.17,588.71,597.73,606.64,579.17,561.11,0
1893,BMW,Z8 '01,N,449.13,491.89,521.71,538.30,559.49,578.21,592.90,602.71,611.31,578.21,559.76,0
3423,Wicked Fabrication,Wicked Fabrication GT 51,N,440.21,485.36,516.73,536.77,559.10,578.10,589.56,597.76,604.37,578.10,559.08,535.39
396,Honda,NSX Type R '02,N,441.65,482.92,513.48,532.19,556.71,577.76,589.09,597.68,604.96,577.76,556.48,527.44
2059,Chevrolet,Corvette Stingray Racer Concept '59,X,442.81,487.84,518.40,537.07,558.11,577.68,589.89,598.35,606.82,577.68,558.10,0
942,Chevrolet,Corvette ZR-1 (C4) '89,N,448.36,490.84,524.10,538.54,556.94,577.29,583.70,591.79,600.51,577.29,556.93,526.89
1746,Mazda,Roadster Touring Car,N,438.37,484.71,514.40,533.16,557.82,576.16,581.60,595.15,604.95,576.16,557.88,0
3404,Porsche,911 Carrera RS CS (993) '95,N,443.53,484.30,513.65,531.19,556.67,575.53,580.11,588.55,597.54,575.53,556.65,522.78
1896,Tesla,Model S Signature Performance '12,X,442.13,484.82,514.57,533.86,555.91,574.85,583.93,592.37,600.41,574.84,555.90,0
3363,Aston Martin,DB3S '53,X,442.38,487.04,514.45,533.05,555.22,573.63,582.67,592.70,600.97,573.63,555.22,0
293,Honda,NSX Type R '92,N,439.99,479.63,509.22,527.14,552.63,573.45,584.85,593.75,602.61,573.44,552.57,525.11
3439,Porsche,911 Carrera RS (993) '95,N,439.99,480.37,510.69,528.37,551.71,573.43,580.70,590.28,597.63,573.43,551.67,520.88
3490,Porsche,Carrera GTS (904) '64,N,442.56,483.15,512.76,531.74,554.23,572.96,582.70,591.97,601.05,572.96,554.21,0
2136,Alfa Romeo,4C '14,N,443.57,484.81,513.77,530.47,553.62,572.77,581.06,590.37,599.77,572.77,553.60,524.62
3337,Alpine,A110 '17,N,438.16,478.85,508.14,527.60,552.62,572.34,570.71,581.20,588.85,572.34,552.55,521.59
2169,Audi,TTS Coupe '14,N,446.25,490.80,520.21,533.76,553.87,572.04,576.34,585.11,598.71,572.04,553.87,526.13
3536,Honda,Civic Type R (FL5) '22,N,432.51,476.59,508.42,529.02,551.46,571.08,575.02,588.37,597.21,571.07,551.35,521.27
3420,Ford,Focus RS '18,N,442.09,482.58,510.02,528.08,548.42,567.39,571.88,580.79,588.47,567.45,548.54,518.92
818,Chevrolet,Corvette (C2) '63,N,436.32,484.63,512.46,527.20,548.86,567.31,574.35,585.37,593.35,567.28,548.97,522.25
3341,De Tomaso,Pantera '71,N,430.70,474.12,504.08,522.73,545.08,566.47,565.71,573.69,581.78,566.47,544.90,519.69
205,Mazda,RX-7 Spirit R Type A (FD) '02,N,435.55,478.74,506.80,526.82,547.95,566.10,578.52,586.53,593.76,566.11,548.00,517.80
3467,Honda,Civic Type R Limited Edition (FK8) '20,N,431.61,473.96,503.68,522.74,544.79,565.35,574.38,582.95,591.05,565.34,544.79,517.48
3385,Porsche,911 Turbo (930) '81,N,433.05,474.35,502.57,522.53,545.01,565.17,573.93,583.96,592.71,565.17,544.98,516.14
1931,Ferrari,250 GT Berlinetta passo corto '61,N,436.55,481.14,507.87,523.37,544.09,564.87,573.52,581.71,590.79,564.87,544.09,0
3389,BMW,M3 '03,N,432.36,475.14,503.17,523.05,546.43,564.83,572.36,581.09,590.35,565.58,545.61,0
3388,AMG,300 SEL 6.8 AMG '71,X,431.50,474.58,504.48,522.98,544.73,563.80,573.32,582.44,591.20,563.79,544.73,0
1458,Nissan,Fairlady Z (Z34) '08,N,434.30,479.18,506.40,524.49,544.28,563.47,570.58,578.82,587.42,563.46,544.09,515.84
210,Nissan,R34 GT-R V-spec II Nur '02,N,434.26,476.14,504.62,521.32,544.63,563.24,564.69,573.54,581.42,563.15,544.58,515.62
1384,Nissan,Fairlady Z Version S (Z33) '07,N,433.04,474.88,505.01,524.31,542.88,563.19,573.01,581.71,589.90,563.18,543.74,516.65
2170,AMG,A 45 AMG '13,N,442.28,485.07,506.76,523.01,548.27,562.94,568.07,580.30,584.62,562.92,548.24,522.85
41,Chevrolet,Corvette Stingray (C3) '69,N,433.58,478.26,506.40,523.16,544.07,562.84,571.62,579.95,588.44,562.84,544.19,517.10
1508,Mitsubishi,Lancer Evolution VI GSR T.M. SCP '99,N,435.46,480.32,508.75,523.79,544.53,562.66,570.19,578.09,585.07,562.66,544.47,518.92
82,Toyota,Supra RZ '97,N,432.78,476.10,505.69,522.52,537.44,561.61,571.37,580.13,587.59,561.61,537.44,516.12
3443,Ferrari,308 GTB '75,N,430.08,472.55,502.23,519.95,541.97,560.05,569.23,578.29,587.12,560.06,541.71,509.90
2051,Hyundai,Genesis Coupe 3.8 '13,N,429.33,474.43,504.86,521.96,541.16,559.21,569.08,577.85,581.36,559.21,541.07,515.24
211,Mitsubishi,Lancer Evolution V GSR '98,N,433.71,477.39,504.34,519.58,540.17,559.07,565.88,573.26,582.01,559.07,540.25,513.45
1975,Mazda,RX500 '70,N,432.80,475.60,503.11,519.72,539.49,558.92,565.55,571.12,582.69,558.92,539.45,508.78
3431,Porsche,911 Carrera RS (964) '92,N,427.50,468.71,497.19,515.51,539.11,558.76,569.61,577.81,586.72,558.79,538.55,510.72
1925,Shelby,G.T.350 '65,N,432.94,474.44,503.19,518.78,537.16,557.94,558.99,567.63,575.98,557.94,537.02,511.53
2060,Gran Turismo,Racing Kart 125 Shifter,X,0,0,0,0,0,556.92,0,0,0,0,0,0
3524,Nissan,GT-R NISMO (R32) '90,N,428.69,469.81,498.33,515.94,537.78,556.03,563.19,570.50,579.74,556.02,537.54,512.78
3489,Maserati,A6GCS/53 Spyder '54,X,424.19,466.06,494.97,514.47,535.30,555.35,567.46,574.56,587.69,555.31,535.37,0
3535,Toyota,GR Corolla MORIZO Edition '22,N,421.72,460.01,489.90,512.31,537.83,555.23,566.00,574.95,583.82,555.31,537.83,504.53
3214,Honda,Civic Type R (FK2) '15,N,422.52,463.14,492.61,509.81,530.99,555.11,563.56,571.88,579.97,555.66,530.98,509.81
489,Nissan,R33 GT-R V-spec '97,N,427.00,468.73,497.25,513.24,535.45,554.65,558.37,566.84,574.36,554.62,535.38,507.96
1541,Audi,TTS Coupe '09,N,429.32,472.79,501.20,515.00,536.21,553.72,561.31,565.43,576.74,553.72,536.19,507.01
451,Subaru,Impreza 22B-STi '98,N,430.93,468.99,498.36,514.76,534.93,553.04,559.54,564.33,572.79,553.05,534.94,507.08
3451,Toyota,GR Yaris RZ 'High performance' '20,N,412.82,458.03,488.48,508.80,533.09,552.60,560.37,560.88,568.61,552.59,533.09,499.49
2150,Mitsubishi,Lancer Evolution Final '15,N,422.24,464.84,494.02,512.72,533.33,552.55,560.91,565.26,573.38,552.55,532.85,504.80
773,Nissan,R32 GT-R V-spec II '94,N,422.48,467.32,495.96,511.32,533.21,551.97,555.90,564.30,572.33,552.01,533.51,507.57
345,Toyota,Sprinter Trueno 1600GT APEX (S.Shigeno Version),N,413.78,458.44,489.49,508.56,531.92,551.55,558.80,567.55,576.07,551.55,531.92,503.40
1645,Alfa Romeo,GIULIA TZ2 carrozzata da ZAGATO '65,X,417.76,465.05,490.37,508.17,529.86,549.49,551.46,561.28,570.13,549.49,530.17,0
36,Chevrolet,Chevelle SS 454 Sport Coupé '70,N,430.24,470.75,502.13,517.90,534.81,549.40,558.97,566.06,573.67,549.37,534.09,510.92
3424,Mitsubishi,Lancer Evolution IX MR GSR '06,N,417.81,460.23,490.06,507.76,529.25,548.92,554.29,564.13,569.80,548.90,529.24,501.23
1543,Dodge,Challenger R/T '70,N,422.66,464.43,491.40,507.66,527.66,546.39,551.80,559.66,567.84,546.37,527.68,502.54
2153,Subaru,WRX STI Type S '14,N,421.30,463.76,490.47,507.05,526.98,546.37,550.65,559.00,564.07,545.59,527.06,498.29
3462,Pontiac,GTO 'The Judge' '69,N,424.51,466.81,491.50,507.28,528.18,546.31,552.62,561.10,568.46,546.29,528.27,505.21
3538,Dodge,Charger R/T 426 Hemi '68,N,421.44,463.45,491.34,507.89,527.79,545.07,550.23,558.44,566.67,544.99,527.86,505.56
3408,Toyota,Crown Athlete G Safety Car,X,415.25,457.36,485.92,502.60,524.27,544.90,551.23,560.45,572.26,544.90,524.28,0
3401,Toyota,Crown Athlete G '13,N,418.88,460.34,488.88,506.66,527.97,544.82,553.90,562.07,569.94,544.82,527.97,499.98
207,Toyota,MR2 GT-S '97,N,413.80,454.86,484.17,502.66,525.61,544.62,550.68,560.46,565.17,544.59,525.65,499.09
1773,Volkswagen,Scirocco R '10,N,410.54,454.47,484.95,504.74,525.52,543.99,554.33,563.04,570.98,543.99,525.51,497.17
3432,Subaru,Impreza Sedan WRX STi '04,N,418.99,459.18,487.82,503.12,523.94,543.51,548.96,556.86,565.57,543.51,523.90,497.88
3500,Genesis,G70 3.3T AWD Prestige Package '22,N,419.61,461.11,487.79,506.13,526.54,543.01,550.61,557.49,563.95,542.94,526.53,501.06
665,Plymouth,Superbird '70,N,422.15,463.80,489.77,504.88,524.22,542.31,549.16,557.27,565.76,542.28,524.28,501.21
3509,Porsche,911 Carrera RS (901) '73,N,410.91,452.05,480.45,497.79,522.17,541.87,550.04,558.57,564.19,541.86,522.15,0
379,Subaru,Impreza Coupe WRX Type R STi Ver.VI '99,N,419.60,461.35,486.52,501.39,521.40,540.43,548.34,556.91,565.50,540.43,522.49,498.90
3487,Ford,Mustang Boss 429 '69,N,412.91,456.37,485.61,500.40,521.59,540.33,548.82,557.39,565.55,540.29,521.66,499.84
301,Mitsubishi,Lancer Evolution IV GSR '96,N,417.21,456.44,486.61,501.11,522.05,539.91,547.08,550.99,559.73,539.91,521.91,498.18
1448,Nissan,SILVIA spec-R Aero (S15) '02,N,410.50,452.95,481.96,498.38,521.87,539.59,546.86,556.66,564.47,539.59,521.59,492.38
3407,Renault,Megane R.S. Trophy Safety Car,X,402.65,447.66,479.67,496.87,518.36,539.51,547.16,555.91,564.71,539.55,518.35,0
1987,Renault,Megane R.S. Trophy '11,N,403.57,447.27,478.43,498.00,519.31,538.97,548.71,557.65,565.70,539.05,519.30,493.10
709,Nissan,Fairlady Z 300ZX TT 2seater '89,N,409.12,452.36,480.87,497.03,519.10,538.29,547.60,555.97,563.44,538.28,519.18,490.05
533,Lancia,Stratos '73,N,406.02,449.33,479.27,497.47,517.68,537.57,546.86,555.54,563.70,537.57,517.58,488.51
514,Honda,S2000 '99,N,410.46,452.07,482.14,498.11,515.59,537.31,547.33,553.89,562.96,537.31,515.41,491.94
1542,Chevrolet,Corvette Convertible (C3) '69,N,414.11,455.17,481.08,497.18,517.34,535.90,542.89,551.54,560.27,535.89,517.46,490.92
3481,Toyota,GR86 RZ '21,N,404.34,447.78,477.53,495.51,517.86,535.38,543.87,553.17,562.25,535.38,517.92,487.52
3506,Subaru,BRZ S '21,N,404.15,446.84,477.41,495.42,517.72,535.26,543.11,552.09,561.16,535.26,517.70,487.24
931,Mitsubishi,Lancer Evolution III GSR '95,N,403.99,447.13,477.02,493.67,513.53,534.91,538.20,547.88,557.06,534.92,513.50,488.13
31,Chevrolet,Camaro Z28 '69,N,412.95,455.26,478.49,494.98,515.65,534.47,540.13,548.64,557.21,534.47,515.94,488.81
3377,Dodge,Super Bee '70,N,414.48,454.58,479.46,496.19,516.65,533.37,537.85,545.77,554.71,533.33,516.55,493.92
1895,Ferrari,Dino 246 GT '71,N,401.36,443.47,474.26,494.62,514.27,533.04,541.89,550.65,558.81,533.04,514.27,0
3361,Jaguar,E-type Coupe '61,N,407.83,448.76,476.41,487.76,513.76,532.03,535.58,549.16,565.44,532.03,513.77,0
2145,Ford,Focus ST '15,N,394.78,439.52,464.07,487.24,510.82,531.72,541.58,549.91,558.17,531.96,510.82,480.05
3427,Mazda,RX-8 Spirit R '12,N,401.38,443.07,471.74,489.98,511.59,531.69,539.10,550.73,559.82,531.69,511.37,482.02
2011,Ferrari,500 Mondial Pinin Farina Coupe '54,N,405.10,446.07,473.19,485.80,505.89,531.11,544.58,559.37,571.49,531.11,505.87,0
3445,Aston Martin,DB5 '64,N,403.66,445.22,474.46,490.18,510.45,529.28,539.57,549.27,557.97,529.28,510.44,0
334,Renault,Clio V6 24V '00,N,397.86,439.69,468.52,486.53,509.12,528.91,539.77,548.52,556.91,528.91,509.10,481.02
843,Toyota,Supra 3.0GT Turbo A '88,N,400.16,441.44,470.90,488.39,508.37,528.77,538.13,548.04,556.82,528.78,508.37,482.09
3316,Daihatsu,COPEN RJ VGT,X,394.39,438.53,467.88,485.54,507.89,527.94,539.77,549.35,558.96,527.94,507.15,0
3384,Mitsubishi,GTO Twin Turbo '91,N,409.19,450.56,476.01,491.38,510.11,527.85,528.27,536.13,544.08,527.79,510.08,487.49
1729,Ford,Mustang Mach 1 '71,N,405.64,444.81,471.89,490.05,510.34,527.39,536.66,545.34,553.69,527.37,510.28,481.91
3466,Ford,Sierra RS 500 Cosworth '87,N,397.59,439.95,467.54,485.36,506.57,524.87,533.95,541.36,550.71,524.87,506.56,479.74
3513,Nissan,Silvia K's Type S (S14) '94,N,395.66,438.10,466.82,484.31,505.94,524.67,531.79,540.48,549.60,524.67,505.92,478.41
3344,BMW,M3 Sport Evolution '89,N,397.06,438.08,468.01,484.24,505.23,524.66,523.47,532.72,540.75,524.51,505.22,0
3220,Renault,Clio R.S. 220 Trophy '15,N,392.64,435.64,466.48,484.26,504.72,524.46,533.60,542.13,550.05,524.45,504.75,481.93
3471,Toyota,Celica GT-Four (ST205) '94,N,404.55,445.89,471.82,488.38,508.68,523.67,529.97,538.96,547.86,523.66,508.66,483.50
3441,Mercedes-Benz,300 SL (W194) '52,X,397.50,440.42,467.17,485.50,505.92,523.67,534.84,543.51,552.47,523.67,505.92,0
959,Audi,TT Coupe 3.2 quattro '03,N,401.44,442.01,467.25,483.48,507.74,523.43,525.95,539.59,548.27,523.43,507.73,476.93
3353,Renault,Clio R.S. 220 Trophy '16,N,391.33,433.85,465.15,482.69,500.14,523.17,531.95,540.54,548.39,523.16,500.10,480.53
104,Nissan,Sileighty '98,N,396.10,437.93,467.85,483.24,503.78,522.94,531.08,539.85,548.11,522.94,503.61,475.49
78,Nissan,Silvia K's Aero (S14) '96,N,393.44,435.62,464.81,482.78,503.74,521.31,529.28,538.25,547.26,521.31,503.73,476.28
575,Mercedes-Benz,190 E 2.5-16 Evolution II '91,N,393.27,433.69,463.00,479.96,499.98,519.09,524.44,531.64,539.73,519.08,499.98,470.47
2141,Volkswagen,Golf VII GTI '14,N,389.34,433.03,463.09,479.57,500.16,518.22,525.36,530.19,538.79,518.22,500.15,474.42
24,Nissan,180SX Type X '96,N,392.38,433.43,463.37,479.42,499.99,518.13,525.87,534.53,543.20,518.13,499.71,471.53
3453,BMW,M3 '89,N,389.70,430.24,459.48,476.25,497.00,516.76,525.57,528.96,537.76,516.76,497.00,0
374,Mazda,RX-7 GT-X (FC) '90,N,390.08,431.95,459.87,475.85,496.80,515.92,525.91,536.64,543.22,515.90,496.83,469.55
2172,DS AUTOMOBILES,DS 3 Racing '11,N,385.26,428.89,459.35,477.72,498.17,515.76,523.48,531.86,540.27,515.78,498.05,470.20
3464,Chevrolet,Corvette (C1) '58,N,395.08,437.84,463.40,479.37,496.83,515.18,523.42,532.09,539.83,515.18,497.11,473.30
3222,Toyota,86 GRMN '16,N,387.39,430.44,458.95,475.46,496.19,513.76,519.04,528.31,536.26,513.76,496.19,472.13
203,Honda,Integra Type R (DC2) '98,N,385.98,430.23,459.97,476.12,495.14,513.15,521.70,530.11,539.03,513.15,495.01,468.65
3215,Peugeot,208 GTi by Peugeot Sport '14,N,383.31,426.49,454.87,474.24,494.19,512.63,520.52,528.87,536.67,512.63,494.17,469.12
688,Honda,Integra Type R (DC2) '95,N,385.31,428.58,458.38,474.23,493.63,512.09,519.86,528.02,537.29,512.09,493.63,468.98
1027,DMC,DeLorean S2 '04,N,380.14,419.37,448.61,466.81,490.37,510.64,512.20,522.12,530.76,510.64,490.48,464.08
3413,Subaru,BRZ STI Sport '18,N,382.15,424.16,454.58,469.94,490.19,508.33,515.54,524.51,533.08,508.33,490.17,463.38
3295,Toyota,86 GT 'Limited' '16,N,382.11,423.73,452.58,467.83,488.65,506.87,513.48,523.13,531.32,506.87,488.68,461.61
3421,Maserati,Merak SS '80,N,378.55,420.15,449.07,466.05,486.40,506.45,513.23,521.16,530.88,506.45,486.40,0
3422,BMW,3.0 CSL '73,N,381.22,422.87,449.46,467.68,488.68,506.42,514.67,522.94,531.44,506.42,488.67,0
1796,Alpine,A110 '72,N,382.35,424.27,452.94,469.85,489.58,506.23,518.75,530.88,538.02,506.23,489.58,464.68
3336,Ford,F-150 SVT Raptor '11,N,392.12,430.23,454.87,466.90,486.44,504.31,499.44,509.71,517.96,504.31,486.34,450.02
3354,Subaru,BRZ S '15,N,378.41,420.26,449.63,465.94,485.39,503.90,511.25,519.75,527.32,503.90,485.38,458.71
2154,Toyota,86 GT '15,N,378.44,420.32,448.73,464.55,485.38,503.23,510.06,519.55,527.65,503.23,485.32,458.22
1900,Plymouth,XNR Ghia Roadster '60,N,381.44,424.08,450.46,465.89,484.61,502.87,512.20,520.66,529.22,502.84,484.60,469.58
387,Mercedes-Benz,300 SL Coupe '54,N,378.17,420.13,447.07,463.82,479.71,502.43,509.21,517.61,521.03,502.43,479.43,0
102,Nissan,Skyline GTS-R (R31) '87,N,376.40,416.52,445.77,462.81,483.21,502.19,502.14,514.67,524.75,502.18,483.19,459.00
2155,Volkswagen,Polo GTI '14,N,372.75,416.33,446.49,463.17,483.08,500.62,510.84,518.95,526.89,500.61,483.00,456.00
3482,Volvo,V40 T5 R-Design '13,N,369.61,412.58,441.88,459.64,480.21,499.99,499.85,507.92,516.93,500.32,481.60,454.96
1461,Nissan,Silvia K's Dia Selection (S13) '90,N,376.65,418.21,445.54,460.24,480.26,498.97,507.74,517.39,525.20,498.97,480.78,454.40
3444,Ford,1932 Ford Roadster Hot Rod,N,373.43,416.12,442.48,459.86,480.52,498.75,508.73,517.47,526.06,498.75,480.51,459.95
173,Renault,R5 Turbo '80,N,370.83,410.88,439.72,458.69,478.90,497.70,504.33,512.35,522.74,497.70,478.93,455.41
829,Lancia,Delta HF Integrale Evoluzione '91,N,374.95,412.52,440.73,454.37,475.24,495.89,502.54,511.63,520.08,495.88,475.23,451.32
3368,Toyota,Tundra TRD Pro '19,N,385.01,421.71,444.69,457.20,476.84,494.60,493.57,501.72,510.06,494.51,476.92,449.82
3454,BMW,3.0 CSL '71,N,370.55,410.78,439.49,455.53,475.66,494.29,504.56,513.29,522.17,494.34,475.70,0
204,Honda,Civic Type R (EK) '98,N,367.07,408.80,438.81,454.89,474.96,492.51,502.12,511.54,519.13,492.52,474.89,450.99
821,Honda,Civic Type R (EK) '97,N,365.26,407.75,437.51,452.98,473.09,492.50,500.80,508.43,517.43,492.50,473.09,448.65
1370,MINI,MINI Cooper S '05,N,363.52,407.89,438.05,456.80,473.21,492.28,503.94,512.63,521.98,492.29,473.27,452.09
1985,Pontiac,Firebird Trans Am '78,N,369.44,410.28,435.30,450.73,471.31,489.98,499.76,508.59,515.90,489.95,471.34,445.78
3429,Nissan,Fairlady Z 432 '69,N,367.20,409.66,435.60,451.84,470.91,489.51,495.38,504.34,515.73,489.52,470.90,446.49
3446,Porsche,Spyder type 550/1500RS '55,X,362.80,403.77,433.51,450.17,470.54,489.33,502.02,509.90,519.30,489.34,470.60,0
604,Toyota,2000GT '67,N,364.38,408.08,434.32,449.94,469.75,488.34,498.63,508.34,515.92,488.33,469.74,445.79
48,Nissan,Fairlady 240ZG (HS30) '71,N,365.83,407.73,432.57,449.60,468.42,486.45,492.92,499.10,535.95,486.45,468.35,446.56
3456,Suzuki,Swift Sport '17,N,354.54,396.13,425.03,443.47,463.78,482.39,489.07,497.53,508.90,482.39,463.87,436.29
837,Nissan,Skyline Hard Top 2000GT-R (KPGC10) '70,N,358.55,402.00,427.61,443.41,462.29,481.01,488.51,496.59,504.94,481.01,462.28,441.36
3512,Mazda,Roadster NR-A (ND) '22,N,351.72,394.97,423.49,440.59,461.41,480.48,491.68,499.74,508.94,480.48,461.42,434.31
3521,Mazda,Mazda3 '19,N,351.26,395.08,424.36,441.63,462.05,480.38,488.53,497.02,504.97,480.44,462.04,436.28
2148,Mazda,Roadster S (ND) '15,N,348.17,391.20,419.74,437.53,458.02,476.79,484.69,493.18,501.96,476.79,458.00,430.64
3415,Alfa Romeo,8C 2900B Touring Berlinetta '38,N,355.36,396.37,423.76,439.22,459.00,476.47,482.39,491.37,499.54,476.47,458.88,433.03
37,Honda,Civic SiR-II (EG) '93,N,354.96,400.04,424.13,440.05,457.55,476.08,484.50,496.71,505.55,476.09,457.38,438.36
2176,Peugeot,RCZ GT Line '15,N,349.12,391.69,419.15,437.74,457.39,476.01,479.83,488.48,496.85,476.02,457.14,428.69
1933,Alfa Romeo,MiTo '09,N,351.77,394.75,422.58,438.80,457.63,475.60,485.06,493.19,500.23,475.60,457.65,433.27
2144,Toyota,S-FR '15,N,347.16,389.04,420.46,435.68,456.12,474.99,480.97,491.59,499.46,474.99,456.12,430.37
836,Nissan,Skyline 2000GT-R (KPGC110) '73,N,356.94,396.36,422.10,437.27,456.78,474.94,482.17,491.14,498.15,474.94,456.77,435.51
3494,Toyota,Alphard Executive Lounge '18,N,363.23,399.62,423.04,432.10,450.93,468.31,472.27,480.51,489.40,468.25,450.78,429.42
1973,Abarth,Abarth 500 '09,N,340.54,382.58,410.28,426.44,446.66,464.56,470.23,478.63,486.94,464.57,446.47,423.21
201,Mazda,Eunos Roadster (NA) '89,N,338.58,381.06,406.65,425.02,445.00,463.11,475.25,485.14,492.90,463.10,445.04,419.56
919,Nissan,Silvia Q's (S13) '88,N,339.69,381.32,408.25,425.19,443.72,462.99,469.57,479.35,487.61,462.99,443.70,418.55
810,Toyota,Sprinter Trueno 1600GT APEX (AE86) '83,N,343.97,385.66,406.76,423.27,443.60,462.68,469.33,477.69,484.81,462.68,443.61,418.92
63,Toyota,Corolla Levin 1600GT APEX (AE86) '83,N,343.97,384.90,406.84,423.62,443.74,462.54,469.75,478.11,485.34,462.54,443.74,420.50
3365,Porsche,356 A/1500 GS GT Carrera Speedster '56,N,337.53,379.48,406.86,424.01,444.39,460.86,466.80,476.01,489.23,460.96,444.59,419.32
2173,Mazda,Atenza Sedan XD L Package '15,N,334.55,376.95,405.52,421.40,441.58,460.07,462.35,471.26,479.27,460.06,441.57,415.31
3428,Mercedes-Benz,S Barker Tourer '29,N,342.05,382.69,406.69,421.42,441.39,459.33,464.49,474.36,481.85,459.33,441.38,0
1537,Toyota,Prius G '09,N,331.50,374.07,404.00,420.62,441.11,458.90,469.10,477.76,485.90,458.90,441.10,418.68
1385,Suzuki,Swift Sport '07,N,327.57,371.22,400.55,417.53,435.14,454.23,463.74,472.57,480.92,454.23,435.09,412.54
3266,BMW,i3 '15,X,327.19,368.33,396.04,415.39,435.17,454.03,461.31,469.41,476.43,454.04,435.07,0
3375,Porsche,356 A/1500 GS Carrera '56,N,322.94,363.78,391.93,408.75,428.68,447.29,451.65,462.02,478.15,447.29,428.13,404.39
1986,Renault,R8 Gordini '66,X,319.18,359.38,388.35,404.31,424.71,443.26,452.18,461.03,4769.41,443.55,424.70,403.42
3403,Volkswagen,Golf I GTI '83,N,321.79,363.60,387.93,404.34,424.01,440.72,444.96,452.16,464.68,440.73,424.15,399.36
2026,Toyota,Aqua S '11,N,312.92,354.39,384.14,400.80,421.08,439.41,446.98,455.27,463.34,439.41,421.07,399.89
3530,Alfa Romeo,Giulia Sprint GT Veloce '67,N,306.65,348.65,373.90,389.12,408.57,427.19,430.56,438.36,446.85,427.19,408.32,388.11
3370,Honda,Fit Hybrid '14,N,301.68,342.85,368.78,382.94,402.75,420.94,426.96,434.87,442.78,420.96,402.74,381.21
3383,Mazda,Demio XD Touring '15,N,287.91,331.40,357.76,374.03,394.58,412.82,420.43,428.62,436.81,412.82,394.58,369.29
3514,Citroen,DS 21 Pallas '70,N,277.92,319.12,347.61,364.78,387.31,405.91,413.23,421.08,430.76,405.90,387.50,360.04
3357,Honda,S660 '15,N,277.18,318.73,347.99,365.69,386.12,405.75,415.85,424.45,431.82,405.66,386.24,362.51
3549,Volvo,240 SE Estate '93,N,285.22,326.53,352.18,366.87,386.88,403.66,409.86,417.66,425.22,403.47,386.85,362.77
137,Honda,Beat '91,N,275.76,317.23,345.59,363.99,384.08,402.65,413.32,421.57,431.97,402.64,384.08,361.14
135,Honda,S800 '66,N,272.82,310.75,337.74,354.36,374.05,392.16,402.58,410.75,407.26,392.16,374.25,351.04
3442,Autobianchi,A112 Abarth '85,N,267.60,309.90,336.71,353.37,373.81,391.82,399.25,407.46,415.20,391.77,373.83,352.63
779,Suzuki,Cappuccino (EA11R) '91,N,263.81,303.74,329.66,347.80,366.98,385.55,397.32,404.69,412.60,385.55,366.97,344.48
1932,Abarth,1500 Biposto Bertone B.A.T 1 '52,N,265.09,300.46,325.14,341.08,359.97,376.88,385.57,394.70,403.17,376.88,359.90,341.06
145,Daihatsu,Copen '02,N,243.91,286.66,317.53,331.85,352.95,370.23,378.07,386.85,394.85,370.24,352.14,331.80
3356,MINI,Mini-Cooper 'S' '65,N,257.39,294.31,318.40,334.37,353.39,367.38,376.83,382.96,390.70,367.39,353.35,334.60
1527,Fiat,500 1.2 8V Lounge SS '08,N,245.10,286.04,310.90,326.52,345.76,364.10,367.84,378.10,384.48,364.10,345.67,321.16
3545,Suzuki,Jimny XC '18,N,230.84,269.39,293.61,308.44,329.29,359.27,368.21,380.93,391.48,359.27,329.26,302.98
1044,Toyota,Sports 800 '65,N,240.29,276.90,301.27,317.79,336.06,353.28,362.18,370.85,379.08,353.28,336.05,314.50
3438,Abarth,Abarth 595 SS '70,N,179.88,218.95,240.94,254.95,274.10,308.89,316.45,324.12,342.55,308.40,274.08,251.23
3534,Toyota,Ambulance Himedic '21,X,208.74,243.14,268.98,275.10,292.60,308.40,306.54,314.36,321.67,308.26,292.41,275.82
3430,Jeep,Willys MB '45,N,178.35,214.24,238.73,253.77,272.77,292.53,303.36,313.00,326.54,292.52,272.77,251.39
1778,Volkswagen,Volkswagen 1200 '66,N,172.35,213.41,238.04,252.83,271.28,289.54,298.73,320.36,326.96,289.54,271.24,249.60
3547,Renault,R4 GTL '85,N,148.32,189.50,214.35,230.46,249.89,267.62,277.19,285.04,292.98,267.63,249.88,230.56
1671,Volkswagen,Sambabus Typ 2 '62,N,105.93,142.21,167.15,183.58,204.62,225.29,235.64,249.81,266.07,225.29,204.61,177.52
1523,Fiat,500 F '68,N,87.41,126.13,149.10,163.61,183.70,217.12,223.57,222.15,233.71,217.12,183.66,161.94
